category,title,image
smartline,Type 5505,smartline_5505_184x400
smartline,Type 5505-LA-1,smartline_5505_LA-1_184x400
smartline,Type 5505-LA-1D,smartline_5505_LA-1d_184x400
smartline,Type 5505-LA-1B,smartline_5505_LA-1b_184x400
westaline,Type 2501,westaline_2501_184x400
westaline,Type 2501-LB,westaline_2501_lb_184x400
westaline,Type 2502,westaline_2502_184x400
westaline,Type 2502-LB,westaline_2502_lb_184x400
westaline,Type 2503,westaline_2503_184x400
westaline,Type 2503-LB,westaline_2503_lb_184x400
westaline,Type 2504,westaline_2504_184x400
westaline,Type 2504-LB,westaline_2504_lb_184x400
westaline,Type 2505,westaline_2505_184x400
westaline,Type 2505-LB-Q,westaline_2505-lb-q_184x400
westaline,Type 2505-LB,westaline_2505_lb_184x400
westaline,Type 2505-LA-DIN,westaline_2505_la-din_184x400
westaline,Type 2505-LA-1,westaline_2505_la-1_184x400
westaline,Type 2505-LA-1D,westaline_2505_la-1d_184x400
westaline,Type 2505-LA-1B,westaline_2505_la_1b_184x400
westaline,Type 2508,westaline_2508_184x400
westaline,Type 2510,westaline_2510_184x400
westaline,Type 2513,westaline_2513_184x400
westaline,Type 2514,westaline_2514_184x400
lineo,Type 3601,lineo_3601_184x400
lineo,Type 3601-LB,lineo_3601_lb_184x400
lineo,Type 3602,lineo_3602_184x400
lineo,Type 3602-LB,lineo_3602_lb_184x400
lineo,Type 3603,lineo_3603_184x400
lineo,Type 3603-LB,lineo_3603_lb_184x400
lineo,Type 3604,lineo_3604_184x400
lineo,Type 3604-LB,lineo_3604_lb_184x400
lineo,Type 3605,lineo_3605_184x400
lineo,Type 3605-LB-Q,lineo_3605-lb-q_184x400
lineo,Type 3605-LB,lineo_3605_lb_184x400
lineo,Type 3605-LA-1,lineo_3605_la-1_184x400
lineo,Type 3606,lineo_3606_184x400
provence,Type 4002,provence_4002_184x400
provence,Type 4002-LA,provence_4002-la_184x400
provence,Type 4002-LA Sprosse 3,provence_4002-la-spr3_184x400
provence,Type 4002-LA Sprosse 4,provence_4002-la_spr4_184x400
provence,Type 4002-LA Sprosse 10,provence_4002-la-spr10_184x400
provence,Type 4002-LA Sprosse 11,provence_4002-la_spr11_184x400
provence,Type 4004-Q,provence_4004-q_184x400
provence,Type 4004-Q- LA,provence_4004-q-la_184x400
provence,Type 4004-LA Sprosse 6,provence_4004-la_spr6_184x400
provence,Type 4004-LA Sprosse 7,provence_4004-la_spr7_184x400
provence,Type 4002-B,provence_4002-b_184x400
provence,Type 4002-B-LA,provence_4002-b-la_184x400
provence,Type 4002-B-LA Sprosse 5,provence_4002-b-la_spr5_184x400
provence,Type 4002-B-LA Sprosse 8,provence_4002-b-la_spr8_184x400
provence,Type 4002-B-LA Sprosse 9,provence_4002-b-la_spr9_184x400
provence,Type 4004-Q-LA Sprosse 14,provence_4004-q-la_spr14_184x400
provence,Type 4004-Q- 2LA,provence_4004-q-2la_184x400
provence,Type 4004-Q-2LA Sprosse 13,provence_4004-q-2la_spr13_184x400
provence,Type 4004-Q- 3LA,provence_4004-q-3la_184x400
provence,Type 4004,provence_4004_184x400
provence,Type 4004- 2LA,provence_4004-2la_184x400
provence,Type 4004-2LA Sprosse 12,provence_4004-2la_spr12_184x400
provence,Type 4004-LA,provence_4004-la_184x400
