image-src,link,link-href,title
"010-005-030-2200-2201-191.jpg","Show more","https://www.westag-getalit.com/catalog/fachhandel_en/view-2200-type-2201-116587.html","View 2200 Type 2201"
"010-005-070-3603LB-211.jpg","Show more","https://www.westag-getalit.com/catalog/fachhandel_en/lineo-type-3603-lb-116416.html","Lineo Type 3603-LB"
"010-005-070-3603LB-030.jpg","Show more","https://www.westag-getalit.com/catalog/fachhandel_en/lineo-type-3603-lb-116400.html","Lineo Type 3603-LB"
"010-005-070-3603LB-040.jpg","Show more","https://www.westag-getalit.com/catalog/fachhandel_en/lineo-type-3603-lb-116401.html","Lineo Type 3603-LB"
"010-005-070-3601-000.jpg","Show more","https://www.westag-getalit.com/catalog/fachhandel_en/lineo-type-3601-116348.html","Lineo Type 3601"
"010-005-070-3605LBQ-250.jpg","Show more","https://www.westag-getalit.com/catalog/fachhandel_en/lineo-type-3605-lb-q-116442.html","Lineo Type 3605-LB-Q"
"010-005-070-3605LB-040.jpg","Show more","https://www.westag-getalit.com/catalog/fachhandel_en/lineo-type-3605-lb-116448.html","Lineo Type 3605-LB"
"010-005-070-3603LB-210.jpg","Show more","https://www.westag-getalit.com/catalog/fachhandel_en/lineo-type-3603-lb-116415.html","Lineo Type 3603-LB"
"010-005-070-3601LB-251.jpg","Show more","https://www.westag-getalit.com/catalog/fachhandel_en/lineo-type-3601-lb-116370.html","Lineo Type 3601-LB"
"010-005-070-3605LB-188.jpg","Show more","https://www.westag-getalit.com/catalog/fachhandel_en/lineo-type-3605-lb-116454.html","Lineo Type 3605-LB"
"010-005-070-3601LB-250.jpg","Show more","https://www.westag-getalit.com/catalog/fachhandel_en/lineo-type-3601-lb-116369.html","Lineo Type 3601-LB"
"010-005-070-3604LB-251.jpg","Show more","https://www.westag-getalit.com/catalog/fachhandel_en/lineo-type-3604-lb-116433.html","Lineo Type 3604-LB"
"010-005-030-2200-2201-120.jpg","Show more","https://www.westag-getalit.com/catalog/fachhandel_en/view-2200-type-2201-116578.html","View 2200 Type 2201"
"010-005-070-3602LB-187.jpg","Show more","https://www.westag-getalit.com/catalog/fachhandel_en/lineo-type-3602-lb-116384.html","Lineo Type 3602-LB"
"010-005-070-3601LB-181.jpg","Show more","https://www.westag-getalit.com/catalog/fachhandel_en/lineo-type-3601-lb-116358.html","Lineo Type 3601-LB"
"010-005-070-3605LB-186.jpg","Show more","https://www.westag-getalit.com/catalog/fachhandel_en/lineo-type-3605-lb-116452.html","Lineo Type 3605-LB"
"010-005-070-3604LB-260.jpg","Show more","https://www.westag-getalit.com/catalog/fachhandel_en/lineo-type-3604-lb-116434.html","Lineo Type 3604-LB"
"010-005-070-3602LB-250.jpg","Show more","https://www.westag-getalit.com/catalog/fachhandel_en/lineo-type-3602-lb-116393.html","Lineo Type 3602-LB"
"010-005-070-3605LB-010.jpg","Show more","https://www.westag-getalit.com/catalog/fachhandel_en/lineo-type-3605-lb-116446.html","Lineo Type 3605-LB"
"010-005-070-3602LB-030.jpg","Show more","https://www.westag-getalit.com/catalog/fachhandel_en/lineo-type-3602-lb-116376.html","Lineo Type 3602-LB"
"010-005-070-3601LB-201.jpg","Show more","https://www.westag-getalit.com/catalog/fachhandel_en/lineo-type-3601-lb-116366.html","Lineo Type 3601-LB"
"010-005-070-3602LB-210.jpg","Show more","https://www.westag-getalit.com/catalog/fachhandel_en/lineo-type-3602-lb-116391.html","Lineo Type 3602-LB"
"010-005-070-3602LB-191.jpg","Show more","https://www.westag-getalit.com/catalog/fachhandel_en/lineo-type-3602-lb-116388.html","Lineo Type 3602-LB"
"010-005-030-2200-2201-189.jpg","Show more","https://www.westag-getalit.com/catalog/fachhandel_en/view-2200-type-2201-116585.html","View 2200 Type 2201"
"010-005-070-3605LBQ-040.jpg","Show more","https://www.westag-getalit.com/catalog/fachhandel_en/lineo-type-3605-lb-q-116438.html","Lineo Type 3605-LB-Q"
"010-005-070-3601LB-191.jpg","Show more","https://www.westag-getalit.com/catalog/fachhandel_en/lineo-type-3601-lb-116364.html","Lineo Type 3601-LB"
"010-005-070-3605LB-250.jpg","Show more","https://www.westag-getalit.com/catalog/fachhandel_en/lineo-type-3605-lb-116462.html","Lineo Type 3605-LB"
"010-005-030-2200-2203-040.jpg","Show more","https://www.westag-getalit.com/catalog/fachhandel_en/view-2200-type-2203-116600.html","View 2200 Type 2203"
"010-005-070-3605LB-201.jpg","Show more","https://www.westag-getalit.com/catalog/fachhandel_en/lineo-type-3605-lb-116459.html","Lineo Type 3605-LB"
"010-005-070-3601LB-251.jpg","Show more","https://www.westag-getalit.com/catalog/fachhandel_en/lineo-type-3601-lb-116370.html","Lineo Type 3601-LB"
"010-005-070-3601LB-030.jpg","Show more","https://www.westag-getalit.com/catalog/fachhandel_en/lineo-type-3601-lb-116352.html","Lineo Type 3601-LB"
"010-005-070-3603LB-187.jpg","Show more","https://www.westag-getalit.com/catalog/fachhandel_en/lineo-type-3603-lb-116408.html","Lineo Type 3603-LB"
"010-005-070-3605LB-030.jpg","Show more","https://www.westag-getalit.com/catalog/fachhandel_en/lineo-type-3605-lb-116447.html","Lineo Type 3605-LB"
"010-005-070-3602LB-186.jpg","Show more","https://www.westag-getalit.com/catalog/fachhandel_en/lineo-type-3602-lb-116383.html","Lineo Type 3602-LB"
"010-005-070-3601LB-160.jpg","Show more","https://www.westag-getalit.com/catalog/fachhandel_en/lineo-type-3601-lb-116356.html","Lineo Type 3601-LB"
"010-005-070-3603LB-160.jpg","Show more","https://www.westag-getalit.com/catalog/fachhandel_en/lineo-type-3603-lb-116404.html","Lineo Type 3603-LB"
"010-005-070-3603LB-200.jpg","Show more","https://www.westag-getalit.com/catalog/fachhandel_en/lineo-type-3603-lb-116413.html","Lineo Type 3603-LB"
"010-005-070-3603LB-010.jpg","Show more","https://www.westag-getalit.com/catalog/fachhandel_en/lineo-type-3603-lb-116399.html","Lineo Type 3603-LB"
"010-005-030-2200-2203-010.jpg","Show more","https://www.westag-getalit.com/catalog/fachhandel_en/view-2200-type-2203-116598.html","View 2200 Type 2203"
"010-005-070-3601LB-188.jpg","Show more","https://www.westag-getalit.com/catalog/fachhandel_en/lineo-type-3601-lb-116361.html","Lineo Type 3601-LB"
"010-005-070-3602LB-120.jpg","Show more","https://www.westag-getalit.com/catalog/fachhandel_en/lineo-type-3602-lb-116379.html","Lineo Type 3602-LB"
"010-005-030-2200-2201-090.jpg","Show more","https://www.westag-getalit.com/catalog/fachhandel_en/view-2200-type-2201-116576.html","View 2200 Type 2201"
"010-005-070-3602LB-090.jpg","Show more","https://www.westag-getalit.com/catalog/fachhandel_en/lineo-type-3602-lb-116378.html","Lineo Type 3602-LB"
"010-005-030-2200-2201-211.jpg","Show more","https://www.westag-getalit.com/catalog/fachhandel_en/view-2200-type-2201-116591.html","View 2200 Type 2201"
"010-005-070-3602LB-280.jpg","Show more","https://www.westag-getalit.com/catalog/fachhandel_en/lineo-type-3602-lb-116397.html","Lineo Type 3602-LB"
"010-005-070-3601LB-186.jpg","Show more","https://www.westag-getalit.com/catalog/fachhandel_en/lineo-type-3601-lb-116359.html","Lineo Type 3601-LB"
"010-005-030-2200-2201-261.jpg","Show more","https://www.westag-getalit.com/catalog/fachhandel_en/view-2200-type-2201-116595.html","View 2200 Type 2201"
"010-005-070-3601LB-211.jpg","Show more","https://www.westag-getalit.com/catalog/fachhandel_en/lineo-type-3601-lb-116368.html","Lineo Type 3601-LB"
"010-005-070-3602LB-030.jpg","Show more","https://www.westag-getalit.com/catalog/fachhandel_en/lineo-type-3602-lb-116376.html","Lineo Type 3602-LB"
"010-005-070-3603LB-090.jpg","Show more","https://www.westag-getalit.com/catalog/fachhandel_en/lineo-type-3603-lb-116402.html","Lineo Type 3603-LB"
"010-005-070-3603-000.jpg","Show more","https://www.westag-getalit.com/catalog/fachhandel_en/lineo-type-3603-116350.html","Lineo Type 3603"
"010-005-070-3602LB-010.jpg","Show more","https://www.westag-getalit.com/catalog/fachhandel_en/lineo-type-3602-lb-116375.html","Lineo Type 3602-LB"
"010-005-070-3601LB-189.jpg","Show more","https://www.westag-getalit.com/catalog/fachhandel_en/lineo-type-3601-lb-116362.html","Lineo Type 3601-LB"
"010-005-070-3602LB-201.jpg","Show more","https://www.westag-getalit.com/catalog/fachhandel_en/lineo-type-3602-lb-116390.html","Lineo Type 3602-LB"
"010-005-070-3604LB-250.jpg","Show more","https://www.westag-getalit.com/catalog/fachhandel_en/lineo-type-3604-lb-116432.html","Lineo Type 3604-LB"
"010-005-070-3604LB-261.jpg","Show more","https://www.westag-getalit.com/catalog/fachhandel_en/lineo-type-3604-lb-116435.html","Lineo Type 3604-LB"
"010-005-070-3604LB-030.jpg","Show more","https://www.westag-getalit.com/catalog/fachhandel_en/lineo-type-3604-lb-116427.html","Lineo Type 3604-LB"
"010-005-070-3602LB-090.jpg","Show more","https://www.westag-getalit.com/catalog/fachhandel_en/lineo-type-3602-lb-116378.html","Lineo Type 3602-LB"
"010-005-070-3604LB-120.jpg","Show more","https://www.westag-getalit.com/catalog/fachhandel_en/lineo-type-3604-lb-116430.html","Lineo Type 3604-LB"
"010-005-070-3605LBQ-251.jpg","Show more","https://www.westag-getalit.com/catalog/fachhandel_en/lineo-type-3605-lb-q-116443.html","Lineo Type 3605-LB-Q"
"010-005-070-3605LB-260.jpg","Show more","https://www.westag-getalit.com/catalog/fachhandel_en/lineo-type-3605-lb-116464.html","Lineo Type 3605-LB"
"010-005-070-3604LB-010.jpg","Show more","https://www.westag-getalit.com/catalog/fachhandel_en/lineo-type-3604-lb-116426.html","Lineo Type 3604-LB"
"010-005-070-3604LB-040.jpg","Show more","https://www.westag-getalit.com/catalog/fachhandel_en/lineo-type-3604-lb-116428.html","Lineo Type 3604-LB"
"010-005-030-2200-2201-260.jpg","Show more","https://www.westag-getalit.com/catalog/fachhandel_en/view-2200-type-2201-116594.html","View 2200 Type 2201"
"010-005-070-3603LB-120.jpg","Show more","https://www.westag-getalit.com/catalog/fachhandel_en/lineo-type-3603-lb-116403.html","Lineo Type 3603-LB"
"010-005-070-3601LB-211.jpg","Show more","https://www.westag-getalit.com/catalog/fachhandel_en/lineo-type-3601-lb-116368.html","Lineo Type 3601-LB"
"010-005-070-3601LB-181.jpg","Show more","https://www.westag-getalit.com/catalog/fachhandel_en/lineo-type-3601-lb-116358.html","Lineo Type 3601-LB"
"010-005-070-3601LB-210.jpg","Show more","https://www.westag-getalit.com/catalog/fachhandel_en/lineo-type-3601-lb-116367.html","Lineo Type 3601-LB"
"010-005-070-3605LB-190.jpg","Show more","https://www.westag-getalit.com/catalog/fachhandel_en/lineo-type-3605-lb-116456.html","Lineo Type 3605-LB"
"010-005-070-3601LB-030.jpg","Show more","https://www.westag-getalit.com/catalog/fachhandel_en/lineo-type-3601-lb-116352.html","Lineo Type 3601-LB"
"010-005-070-3604LB-090.jpg","Show more","https://www.westag-getalit.com/catalog/fachhandel_en/lineo-type-3604-lb-116429.html","Lineo Type 3604-LB"
"010-005-070-3601LB-281.jpg","Show more","https://www.westag-getalit.com/catalog/fachhandel_en/lineo-type-3601-lb-116374.html","Lineo Type 3601-LB"
"010-005-070-3602LB-160.jpg","Show more","https://www.westag-getalit.com/catalog/fachhandel_en/lineo-type-3602-lb-116380.html","Lineo Type 3602-LB"
"010-005-070-3605LB-090.jpg","Show more","https://www.westag-getalit.com/catalog/fachhandel_en/lineo-type-3605-lb-116449.html","Lineo Type 3605-LB"
"010-005-030-2200-2201-180.jpg","Show more","https://www.westag-getalit.com/catalog/fachhandel_en/view-2200-type-2201-116580.html","View 2200 Type 2201"
"010-005-030-2200-2203-060.jpg","Show more","https://www.westag-getalit.com/catalog/fachhandel_en/view-2200-type-2203-116601.html","View 2200 Type 2203"
"010-005-070-3602LB-260.jpg","Show more","https://www.westag-getalit.com/catalog/fachhandel_en/lineo-type-3602-lb-116395.html","Lineo Type 3602-LB"
"010-005-070-3601LB-120.jpg","Show more","https://www.westag-getalit.com/catalog/fachhandel_en/lineo-type-3601-lb-116355.html","Lineo Type 3601-LB"
"010-005-070-3603LB-251.jpg","Show more","https://www.westag-getalit.com/catalog/fachhandel_en/lineo-type-3603-lb-116418.html","Lineo Type 3603-LB"
"010-005-030-2200-2201-251.jpg","Show more","https://www.westag-getalit.com/catalog/fachhandel_en/view-2200-type-2201-116593.html","View 2200 Type 2201"
"010-005-030-2200-2201-100.jpg","Show more","https://www.westag-getalit.com/catalog/fachhandel_en/view-2200-type-2201-116577.html","View 2200 Type 2201"
"010-005-070-3604LB-160.jpg","Show more","https://www.westag-getalit.com/catalog/fachhandel_en/lineo-type-3604-lb-116431.html","Lineo Type 3604-LB"
"010-005-070-3602LB-120.jpg","Show more","https://www.westag-getalit.com/catalog/fachhandel_en/lineo-type-3602-lb-116379.html","Lineo Type 3602-LB"
"010-005-030-2200-2201-190.jpg","Show more","https://www.westag-getalit.com/catalog/fachhandel_en/view-2200-type-2201-116586.html","View 2200 Type 2201"
"010-005-070-3601LB-260.jpg","Show more","https://www.westag-getalit.com/catalog/fachhandel_en/lineo-type-3601-lb-116371.html","Lineo Type 3601-LB"
"010-005-070-3602LB-200.jpg","Show more","https://www.westag-getalit.com/catalog/fachhandel_en/lineo-type-3602-lb-116389.html","Lineo Type 3602-LB"
"010-005-070-3602LB-040.jpg","Show more","https://www.westag-getalit.com/catalog/fachhandel_en/lineo-type-3602-lb-116377.html","Lineo Type 3602-LB"
"010-005-070-3604-000.jpg","Show more","https://www.westag-getalit.com/catalog/fachhandel_en/lineo-type-3604-116423.html","Lineo Type 3604"
"010-005-070-3605LB-200.jpg","Show more","https://www.westag-getalit.com/catalog/fachhandel_en/lineo-type-3605-lb-116458.html","Lineo Type 3605-LB"
"010-005-070-3603LB-180.jpg","Show more","https://www.westag-getalit.com/catalog/fachhandel_en/lineo-type-3603-lb-116405.html","Lineo Type 3603-LB"
"010-005-070-3602LB-211.jpg","Show more","https://www.westag-getalit.com/catalog/fachhandel_en/lineo-type-3602-lb-116392.html","Lineo Type 3602-LB"
"010-005-070-3603LB-190.jpg","Show more","https://www.westag-getalit.com/catalog/fachhandel_en/lineo-type-3603-lb-116411.html","Lineo Type 3603-LB"
"010-005-070-3601LB-188.jpg","Show more","https://www.westag-getalit.com/catalog/fachhandel_en/lineo-type-3601-lb-116361.html","Lineo Type 3601-LB"
"010-005-070-3605LB-211.jpg","Show more","https://www.westag-getalit.com/catalog/fachhandel_en/lineo-type-3605-lb-116461.html","Lineo Type 3605-LB"
"010-005-070-3601LB-280.jpg","Show more","https://www.westag-getalit.com/catalog/fachhandel_en/lineo-type-3601-lb-116373.html","Lineo Type 3601-LB"
"010-005-070-3603-000.jpg","Show more","https://www.westag-getalit.com/catalog/fachhandel_en/lineo-type-3603-116350.html","Lineo Type 3603"
"010-005-030-2200-2201-281.jpg","Show more","https://www.westag-getalit.com/catalog/fachhandel_en/view-2200-type-2201-116597.html","View 2200 Type 2201"
"010-005-070-3603LB-280.jpg","Show more","https://www.westag-getalit.com/catalog/fachhandel_en/lineo-type-3603-lb-116421.html","Lineo Type 3603-LB"
"010-005-070-3602LB-188.jpg","Show more","https://www.westag-getalit.com/catalog/fachhandel_en/lineo-type-3602-lb-116385.html","Lineo Type 3602-LB"
"010-005-030-2200-2203-030.jpg","Show more","https://www.westag-getalit.com/catalog/fachhandel_en/view-2200-type-2203-116599.html","View 2200 Type 2203"
"010-005-070-3601LB-250.jpg","Show more","https://www.westag-getalit.com/catalog/fachhandel_en/lineo-type-3601-lb-116369.html","Lineo Type 3601-LB"
"010-005-070-3605LBQ-261.jpg","Show more","https://www.westag-getalit.com/catalog/fachhandel_en/lineo-type-3605-lb-q-116445.html","Lineo Type 3605-LB-Q"
"010-005-070-3603LB-250.jpg","Show more","https://www.westag-getalit.com/catalog/fachhandel_en/lineo-type-3603-lb-116417.html","Lineo Type 3603-LB"
"010-005-070-3603LB-281.jpg","Show more","https://www.westag-getalit.com/catalog/fachhandel_en/lineo-type-3603-lb-116422.html","Lineo Type 3603-LB"
"010-005-070-3602LB-190.jpg","Show more","https://www.westag-getalit.com/catalog/fachhandel_en/lineo-type-3602-lb-116387.html","Lineo Type 3602-LB"
"010-005-030-2200-2201-200.jpg","Show more","https://www.westag-getalit.com/catalog/fachhandel_en/view-2200-type-2201-116588.html","View 2200 Type 2201"
"010-005-070-3601LB-187.jpg","Show more","https://www.westag-getalit.com/catalog/fachhandel_en/lineo-type-3601-lb-116360.html","Lineo Type 3601-LB"
"010-005-070-3605LB-189.jpg","Show more","https://www.westag-getalit.com/catalog/fachhandel_en/lineo-type-3605-lb-116455.html","Lineo Type 3605-LB"
"010-005-070-3602LB-010.jpg","Show more","https://www.westag-getalit.com/catalog/fachhandel_en/lineo-type-3602-lb-116375.html","Lineo Type 3602-LB"
"010-005-070-3601LB-260.jpg","Show more","https://www.westag-getalit.com/catalog/fachhandel_en/lineo-type-3601-lb-116371.html","Lineo Type 3601-LB"
"010-005-070-3605LBQ-260.jpg","Show more","https://www.westag-getalit.com/catalog/fachhandel_en/lineo-type-3605-lb-q-116444.html","Lineo Type 3605-LB-Q"
"010-005-070-3605LBQ-030.jpg","Show more","https://www.westag-getalit.com/catalog/fachhandel_en/lineo-type-3605-lb-q-116437.html","Lineo Type 3605-LB-Q"
"010-005-070-3603LB-188.jpg","Show more","https://www.westag-getalit.com/catalog/fachhandel_en/lineo-type-3603-lb-116409.html","Lineo Type 3603-LB"
"010-005-070-3602LB-281.jpg","Show more","https://www.westag-getalit.com/catalog/fachhandel_en/lineo-type-3602-lb-116398.html","Lineo Type 3602-LB"
"010-005-070-3602LB-181.jpg","Show more","https://www.westag-getalit.com/catalog/fachhandel_en/lineo-type-3602-lb-116382.html","Lineo Type 3602-LB"
"010-005-030-2200-2201-201.jpg","Show more","https://www.westag-getalit.com/catalog/fachhandel_en/view-2200-type-2201-116589.html","View 2200 Type 2201"
"010-005-070-3605LBQ-120.jpg","Show more","https://www.westag-getalit.com/catalog/fachhandel_en/lineo-type-3605-lb-q-116440.html","Lineo Type 3605-LB-Q"
"010-005-070-3601LB-040.jpg","Show more","https://www.westag-getalit.com/catalog/fachhandel_en/lineo-type-3601-lb-116353.html","Lineo Type 3601-LB"
"010-005-070-3603LB-260.jpg","Show more","https://www.westag-getalit.com/catalog/fachhandel_en/lineo-type-3603-lb-116419.html","Lineo Type 3603-LB"
"010-005-070-3601LB-281.jpg","Show more","https://www.westag-getalit.com/catalog/fachhandel_en/lineo-type-3601-lb-116374.html","Lineo Type 3601-LB"
"010-005-070-3603LB-181.jpg","Show more","https://www.westag-getalit.com/catalog/fachhandel_en/lineo-type-3603-lb-116406.html","Lineo Type 3603-LB"
"010-005-070-3602LB-180.jpg","Show more","https://www.westag-getalit.com/catalog/fachhandel_en/lineo-type-3602-lb-116381.html","Lineo Type 3602-LB"
"010-005-070-3601LB-189.jpg","Show more","https://www.westag-getalit.com/catalog/fachhandel_en/lineo-type-3601-lb-116362.html","Lineo Type 3601-LB"
"010-005-030-2200-2201-210.jpg","Show more","https://www.westag-getalit.com/catalog/fachhandel_en/view-2200-type-2201-116590.html","View 2200 Type 2201"
"010-005-070-3602LB-251.jpg","Show more","https://www.westag-getalit.com/catalog/fachhandel_en/lineo-type-3602-lb-116394.html","Lineo Type 3602-LB"
"010-005-070-3601LB-040.jpg","Show more","https://www.westag-getalit.com/catalog/fachhandel_en/lineo-type-3601-lb-116353.html","Lineo Type 3601-LB"
"010-005-070-3601LB-261.jpg","Show more","https://www.westag-getalit.com/catalog/fachhandel_en/lineo-type-3601-lb-116372.html","Lineo Type 3601-LB"
"010-005-070-3601LB-280.jpg","Show more","https://www.westag-getalit.com/catalog/fachhandel_en/lineo-type-3601-lb-116373.html","Lineo Type 3601-LB"
"010-005-070-3603LB-201.jpg","Show more","https://www.westag-getalit.com/catalog/fachhandel_en/lineo-type-3603-lb-116414.html","Lineo Type 3603-LB"
"010-005-070-3602LB-180.jpg","Show more","https://www.westag-getalit.com/catalog/fachhandel_en/lineo-type-3602-lb-116381.html","Lineo Type 3602-LB"
"010-005-030-2200-2201-188.jpg","Show more","https://www.westag-getalit.com/catalog/fachhandel_en/view-2200-type-2201-116584.html","View 2200 Type 2201"
"010-005-070-3603LB-186.jpg","Show more","https://www.westag-getalit.com/catalog/fachhandel_en/lineo-type-3603-lb-116407.html","Lineo Type 3603-LB"
"010-005-070-3601LB-090.jpg","Show more","https://www.westag-getalit.com/catalog/fachhandel_en/lineo-type-3601-lb-116354.html","Lineo Type 3601-LB"
"010-005-070-3601LB-200.jpg","Show more","https://www.westag-getalit.com/catalog/fachhandel_en/lineo-type-3601-lb-116365.html","Lineo Type 3601-LB"
"010-005-070-3605LB-160.jpg","Show more","https://www.westag-getalit.com/catalog/fachhandel_en/lineo-type-3605-lb-116451.html","Lineo Type 3605-LB"
"010-005-070-3601LB-200.jpg","Show more","https://www.westag-getalit.com/catalog/fachhandel_en/lineo-type-3601-lb-116365.html","Lineo Type 3601-LB"
"010-005-070-3601LB-180.jpg","Show more","https://www.westag-getalit.com/catalog/fachhandel_en/lineo-type-3601-lb-116357.html","Lineo Type 3601-LB"
"010-005-070-3605LB-210.jpg","Show more","https://www.westag-getalit.com/catalog/fachhandel_en/lineo-type-3605-lb-116460.html","Lineo Type 3605-LB"
"010-005-070-3602-000.jpg","Show more","https://www.westag-getalit.com/catalog/fachhandel_en/lineo-type-3602-116349.html","Lineo Type 3602"
"010-005-070-3605LBQ-010.jpg","Show more","https://www.westag-getalit.com/catalog/fachhandel_en/lineo-type-3605-lb-q-116436.html","Lineo Type 3605-LB-Q"
"010-005-030-2200-2201-160.jpg","Show more","https://www.westag-getalit.com/catalog/fachhandel_en/view-2200-type-2201-116579.html","View 2200 Type 2201"
"010-005-070-3605LB-191.jpg","Show more","https://www.westag-getalit.com/catalog/fachhandel_en/lineo-type-3605-lb-116457.html","Lineo Type 3605-LB"
"010-005-070-3601LB-120.jpg","Show more","https://www.westag-getalit.com/catalog/fachhandel_en/lineo-type-3601-lb-116355.html","Lineo Type 3601-LB"
"010-005-070-3601LB-186.jpg","Show more","https://www.westag-getalit.com/catalog/fachhandel_en/lineo-type-3601-lb-116359.html","Lineo Type 3601-LB"
"010-005-070-3601LB-210.jpg","Show more","https://www.westag-getalit.com/catalog/fachhandel_en/lineo-type-3601-lb-116367.html","Lineo Type 3601-LB"
"010-005-070-3605LB-261.jpg","Show more","https://www.westag-getalit.com/catalog/fachhandel_en/lineo-type-3605-lb-116465.html","Lineo Type 3605-LB"
"010-005-070-3601LB-190.jpg","Show more","https://www.westag-getalit.com/catalog/fachhandel_en/lineo-type-3601-lb-116363.html","Lineo Type 3601-LB"
"010-005-070-3605-000.jpg","Show more","https://www.westag-getalit.com/catalog/fachhandel_en/lineo-type-3605-116424.html","Lineo Type 3605"
"010-005-070-3601LB-010.jpg","Show more","https://www.westag-getalit.com/catalog/fachhandel_en/lineo-type-3601-lb-116351.html","Lineo Type 3601-LB"
"010-005-070-3601LB-160.jpg","Show more","https://www.westag-getalit.com/catalog/fachhandel_en/lineo-type-3601-lb-116356.html","Lineo Type 3601-LB"
"010-005-030-2200-2201-250.jpg","Show more","https://www.westag-getalit.com/catalog/fachhandel_en/view-2200-type-2201-116592.html","View 2200 Type 2201"
"010-005-070-3601LB-191.jpg","Show more","https://www.westag-getalit.com/catalog/fachhandel_en/lineo-type-3601-lb-116364.html","Lineo Type 3601-LB"
"010-005-070-3605LB-187.jpg","Show more","https://www.westag-getalit.com/catalog/fachhandel_en/lineo-type-3605-lb-116453.html","Lineo Type 3605-LB"
"010-005-070-3602LB-186.jpg","Show more","https://www.westag-getalit.com/catalog/fachhandel_en/lineo-type-3602-lb-116383.html","Lineo Type 3602-LB"
"010-005-070-3602LB-189.jpg","Show more","https://www.westag-getalit.com/catalog/fachhandel_en/lineo-type-3602-lb-116386.html","Lineo Type 3602-LB"
"010-005-070-3603LB-189.jpg","Show more","https://www.westag-getalit.com/catalog/fachhandel_en/lineo-type-3603-lb-116410.html","Lineo Type 3603-LB"
"010-005-070-3602-000.jpg","Show more","https://www.westag-getalit.com/catalog/fachhandel_en/lineo-type-3602-116349.html","Lineo Type 3602"
"010-005-070-3606-000.jpg","Show more","https://www.westag-getalit.com/catalog/fachhandel_en/lineo-type-3606-116425.html","Lineo Type 3606"
"010-005-030-2200-2201-187.jpg","Show more","https://www.westag-getalit.com/catalog/fachhandel_en/view-2200-type-2201-116583.html","View 2200 Type 2201"
"010-005-070-3602LB-160.jpg","Show more","https://www.westag-getalit.com/catalog/fachhandel_en/lineo-type-3602-lb-116380.html","Lineo Type 3602-LB"
"010-005-070-3602LB-040.jpg","Show more","https://www.westag-getalit.com/catalog/fachhandel_en/lineo-type-3602-lb-116377.html","Lineo Type 3602-LB"
"010-005-070-3602LB-261.jpg","Show more","https://www.westag-getalit.com/catalog/fachhandel_en/lineo-type-3602-lb-116396.html","Lineo Type 3602-LB"
"010-005-070-3601LB-180.jpg","Show more","https://www.westag-getalit.com/catalog/fachhandel_en/lineo-type-3601-lb-116357.html","Lineo Type 3601-LB"
"010-005-070-3602LB-181.jpg","Show more","https://www.westag-getalit.com/catalog/fachhandel_en/lineo-type-3602-lb-116382.html","Lineo Type 3602-LB"
"010-005-070-3605LBQ-160.jpg","Show more","https://www.westag-getalit.com/catalog/fachhandel_en/lineo-type-3605-lb-q-116441.html","Lineo Type 3605-LB-Q"
"010-005-070-3603LB-261.jpg","Show more","https://www.westag-getalit.com/catalog/fachhandel_en/lineo-type-3603-lb-116420.html","Lineo Type 3603-LB"
"010-005-070-3605LBQ-090.jpg","Show more","https://www.westag-getalit.com/catalog/fachhandel_en/lineo-type-3605-lb-q-116439.html","Lineo Type 3605-LB-Q"
"010-005-030-2200-2201-181.jpg","Show more","https://www.westag-getalit.com/catalog/fachhandel_en/view-2200-type-2201-116581.html","View 2200 Type 2201"
"010-005-070-3605LB-120.jpg","Show more","https://www.westag-getalit.com/catalog/fachhandel_en/lineo-type-3605-lb-116450.html","Lineo Type 3605-LB"
"010-005-070-3601LB-261.jpg","Show more","https://www.westag-getalit.com/catalog/fachhandel_en/lineo-type-3601-lb-116372.html","Lineo Type 3601-LB"
"010-005-030-2200-2201-280.jpg","Show more","https://www.westag-getalit.com/catalog/fachhandel_en/view-2200-type-2201-116596.html","View 2200 Type 2201"
"010-005-030-2200-2201-186.jpg","Show more","https://www.westag-getalit.com/catalog/fachhandel_en/view-2200-type-2201-116582.html","View 2200 Type 2201"
"010-005-070-3601LB-187.jpg","Show more","https://www.westag-getalit.com/catalog/fachhandel_en/lineo-type-3601-lb-116360.html","Lineo Type 3601-LB"
"010-005-070-3601LB-010.jpg","Show more","https://www.westag-getalit.com/catalog/fachhandel_en/lineo-type-3601-lb-116351.html","Lineo Type 3601-LB"
"010-005-070-3605LB-251.jpg","Show more","https://www.westag-getalit.com/catalog/fachhandel_en/lineo-type-3605-lb-116463.html","Lineo Type 3605-LB"
"010-005-070-3603LB-191.jpg","Show more","https://www.westag-getalit.com/catalog/fachhandel_en/lineo-type-3603-lb-116412.html","Lineo Type 3603-LB"
"010-005-070-3601LB-090.jpg","Show more","https://www.westag-getalit.com/catalog/fachhandel_en/lineo-type-3601-lb-116354.html","Lineo Type 3601-LB"
"010-005-070-3601LB-190.jpg","Show more","https://www.westag-getalit.com/catalog/fachhandel_en/lineo-type-3601-lb-116363.html","Lineo Type 3601-LB"
"010-005-070-3601LB-201.jpg","Show more","https://www.westag-getalit.com/catalog/fachhandel_en/lineo-type-3601-lb-116366.html","Lineo Type 3601-LB"
"010-005-070-3601-000.jpg","Show more","https://www.westag-getalit.com/catalog/fachhandel_en/lineo-type-3601-116348.html","Lineo Type 3601"
